阵营,学校,兵种,编号,表现分,等级,击杀,助攻,阵亡,机器人伤害,建筑伤害,血量数据覆盖率,旧规则评分,职责,证据模式,高可信归因伤害HP,中可信归因伤害HP,原始命中事件伤害HP,低可信分摊伤害HP,评级状态,评级依据,前线控制目标秒,压制迹象次数,地形骚扰次数,装配成功次数,成功能量机关支援,雷达标记目标秒,雷达反制次数,飞镖命中次数,输出得分,攻坚得分,协同得分,控场得分,机动得分,支援得分,代价得分
红,浙江大学,英雄,1,5.34,C,0,0,2.0,0,400.0,1.0,5.1,重火力输出、建筑攻坚、关键目标击杀,telemetry_and_events,400.0,0,0,0,按已观测贡献暂评,存在可计分贡献；只评价已覆盖的职责，不代表完整能力。,0,0,0,0,0,0,0,0,0.0,0.932931,0.0,0.0,0.0,0.0,-0.590204
红,浙江大学,工程,2,5.64,B,0,0,0,0,0,1.0,6.55,科技核心装配、资源支援、任务机动,telemetry_and_events,0,0,0,0,按已观测贡献暂评,存在可计分贡献；只评价已覆盖的职责，不代表完整能力。,0,0,0,1.0,0,0,0,0,0.0,0.0,0.0,0.0,0.0,0.644777,0.0
红,浙江大学,步兵3,3,9.13,S,3.0,1.0,0,907.98,0,1.0,10.0,输出与协同、前压控场、地形骚扰、能量机关支援,telemetry_and_events,595.0,135.0,0,177.98,按已观测贡献暂评,存在可计分贡献；只评价已覆盖的职责，不代表完整能力。,12.0,1.0,0,0,1.0,0,0,0,2.118327,0.0,1.081746,0.580485,0.0,0.354122,0.0
红,浙江大学,步兵4,4,5.75,B,0,0,2.0,238.322,0,1.0,5.34,输出与协同、前压控场、地形骚扰、能量机关支援,telemetry_and_events,100.0,45.0,0,93.322,按已观测贡献暂评,存在可计分贡献；只评价已覆盖的职责，不代表完整能力。,14.0,2.0,0,0,0,0,0,0,0.841549,0.0,0.04192,0.456402,0.0,0.0,-0.590204
红,浙江大学,空中,6,9.89,S,11.0,0,0,1923.698,1100.0,1.0,10.0,出动输出、协同击杀、前线火力压制,telemetry_and_events,2637.0,80.0,0,306.698,按已观测贡献暂评,存在可计分贡献；只评价已覆盖的职责，不代表完整能力。,23.0,1.0,0,0,0,0,0,0,2.37089,0.900226,1.262771,0.360161,0.0,0.0,0.0
红,浙江大学,飞镖,8,,,0,0,0,0,0,,,飞镖命中与建筑伤害；闸门开启只作观测,event_only,0,0,0,0,证据不足 · 暂不评级,开闸不能确认发射、未命中或伤害；缺少可评价的命中记录。,0,0,0,0,0,0,0,0,0.0,0.0,0.0,0.0,0.0,0.0,0.0
红,浙江大学,雷达,9,5.56,B,0,0,0,0,0,,,标记覆盖、标记期间协同输出、反制无人机,event_only,0,0,0,0,按已观测贡献暂评,存在可计分贡献；只评价已覆盖的职责，不代表完整能力。,0,0,0,0,0,17.0,0,0,0.0,0.0,0.0,0.0,0.0,0.561762,0.0
蓝,东南大学,英雄,101,4.41,C,0,0,2.0,0,0,1.0,2.58,重火力输出、建筑攻坚、关键目标击杀,telemetry_and_events,0,0,0,0,按已观测贡献暂评,存在可计分贡献；只评价已覆盖的职责，不代表完整能力。,0,0,0,0,0,0,0,0,0.0,0.0,0.0,0.0,0.0,0.0,-0.590204
蓝,东南大学,工程,102,4.34,C,0,0,4.0,0,0,1.0,3.17,科技核心装配、资源支援、任务机动,telemetry_and_events,0,0,0,0,按已观测贡献暂评,存在可计分贡献；只评价已覆盖的职责，不代表完整能力。,0,0,0,0,0,0,0,0,0.0,0.0,0.0,0.0,0.0,0.0,-0.660805
蓝,东南大学,步兵3,103,5.95,B,0,1.0,2.0,437.153,19.751,1.0,3.84,输出与协同、前压控场、地形骚扰、能量机关支援,telemetry_and_events,222.0,164.0,0,70.904,按已观测贡献暂评,存在可计分贡献；只评价已覆盖的职责，不代表完整能力。,0,0,0,0,0,0,0,0,1.470028,0.009191,0.062764,0.0,0.0,0.0,-0.590204
蓝,东南大学,步兵4,104,5.01,C,0,0,4.0,322.762,0,1.0,3.86,输出与协同、前压控场、地形骚扰、能量机关支援,telemetry_and_events,43.0,152.0,0,127.762,按已观测贡献暂评,存在可计分贡献；只评价已覆盖的职责，不代表完整能力。,0,0,0,0,0,0,0,0,0.961206,0.0,0.0,0.0,0.0,0.0,-0.948181
蓝,东南大学,哨兵,107,4.7,C,0,0,5.0,95.0,0,1.0,1.66,持续交战、前线控制、建筑防守与队友掩护,telemetry_and_events,95.0,0,0,0,按已观测贡献暂评,存在可计分贡献；只评价已覆盖的职责，不代表完整能力。,0,0,0,0,0,0,0,0,0.594276,0.0,0.0,0.176427,0.0,0.0,-1.070243
蓝,东南大学,空中,106,8.49,A,2.0,0,0,779.085,1480.249,1.0,10.0,出动输出、协同击杀、前线火力压制,telemetry_and_events,1902.0,282.0,0,75.333,按已观测贡献暂评,存在可计分贡献；只评价已覆盖的职责，不代表完整能力。,5.0,3.0,0,0,0,0,0,0,1.585353,1.058293,0.616279,0.23331,0.0,0.0,0.0
蓝,东南大学,雷达,109,7.89,A,0,0,0,0,0,,,标记覆盖、标记期间协同输出、反制无人机,event_only,0,0,0,0,按已观测贡献暂评,存在可计分贡献；只评价已覆盖的职责，不代表完整能力。,0,0,0,0,0,586.0,0,0,0.0,0.0,0.0,0.0,0.0,2.888348,0.0
